-- insert public user 
INSERT INTO FIT5042.PUBLICUSER (USER_ID, ADDRESS, EMAIL, FIRSTNAME, ISACTIVE, LASTNAME, PASSWORD, PHONE, USER_TYPE) 
	VALUES (27157625, 'Clayton', 'ssssed@gmail.co', 'K', 0, 'Peter', 'governmentservice', '123456033', 'public');
INSERT INTO FIT5042.PUBLICUSER (USER_ID, ADDRESS, EMAIL, FIRSTNAME, ISACTIVE, LASTNAME, PASSWORD, PHONE, USER_TYPE) 
	VALUES (27157626, 'Clayton', 'sed@gmail.com', 'Pl', 1, 'Kevin', '43582b147f5e36c44f7b8380f56e01a0b64363750bfd244af0ed1e3e7b859d69', '0123456789', 'public');
INSERT INTO FIT5042.PUBLICUSER (USER_ID, ADDRESS, EMAIL, FIRSTNAME, ISACTIVE, LASTNAME, PASSWORD, PHONE, USER_TYPE) 
	VALUES (27157627, 'Clayton', 'andyJd@163.com', 'J', 1, 'Andy', '43582b147f5e36c44f7b8380f56e01a0b64363750bfd244af0ed1e3e7b859d69', '91234567', 'public');
INSERT INTO FIT5042.PUBLICUSER (USER_ID, ADDRESS, EMAIL, FIRSTNAME, ISACTIVE, LASTNAME, PASSWORD, PHONE, USER_TYPE) 
	VALUES (27157630, '1212', '1212', '1212', 1, '1212', 'governmentservice', '1212', NULL);
INSERT INTO FIT5042.PUBLICUSER (USER_ID, ADDRESS, EMAIL, FIRSTNAME, ISACTIVE, LASTNAME, PASSWORD, PHONE, USER_TYPE) 
	VALUES (27157632, 'sdf', 'sdf@ds.com', 'testFirst', 1, ' testLast', 'governmentservice', '91234567', NULL);
INSERT INTO FIT5042.PUBLICUSER (USER_ID, ADDRESS, EMAIL, FIRSTNAME, ISACTIVE, LASTNAME, PASSWORD, PHONE, USER_TYPE) 
	VALUES (27157633, '4352435', 'sd@df.com', 'ss', 1, 'newUse', '[B@63ce84c4', '123456789', 'public');
INSERT INTO FIT5042.PUBLICUSER (USER_ID, ADDRESS, EMAIL, FIRSTNAME, ISACTIVE, LASTNAME, PASSWORD, PHONE, USER_TYPE) 
	VALUES (27157634, 'asdf', 'hhh@d.com', 'hhh', 0, 'hhh', '-29-80-6066-104-42820-102-5-12-56-103111-713639-8265-28100-101-10976-92-107-1032712082-7285', '123456789', 'public');
INSERT INTO FIT5042.PUBLICUSER (USER_ID, ADDRESS, EMAIL, FIRSTNAME, ISACTIVE, LASTNAME, PASSWORD, PHONE, USER_TYPE) 
	VALUES (27157635, 'dsadf', 'aa@ss.com', 'aaa', 0, 'aaaa', '43582b147f5e36c44f7b8380f56e01a0b64363750bfd244af0ed1e3e7b859d69', '91234567', 'public');


-- insert worker
INSERT INTO FIT5042.WORKER (USER_ID, ADDRESS, EMAIL, FIRSTNAME, ISACTIVE, LASTNAME, PASSWORD, PHONE, USER_TYPE) 
	VALUES (5, 'East caulfield', 'ivanzhujunwei@gmail.com', 'Ivan', 1, 'Zhu', '8c6976e5b5410415bde908bd4dee15dfb167a9c873fc4bb8a81f6f2ab448a918', '426731819', 'worker');
INSERT INTO FIT5042.WORKER (USER_ID, ADDRESS, EMAIL, FIRSTNAME, ISACTIVE, LASTNAME, PASSWORD, PHONE, USER_TYPE) 
	VALUES (1, 'East caulfield', 'zhiliu@gmail.com', 'Troy', 1, 'Liu', '123', '422731899', 'worker');
INSERT INTO FIT5042.WORKER (USER_ID, ADDRESS, EMAIL, FIRSTNAME, ISACTIVE, LASTNAME, PASSWORD, PHONE, USER_TYPE) 
	VALUES (2, 'East caulfield', 'rli230@gmail.com', 'Can', 1, 'Wang', '123', '426731519', 'worker');
INSERT INTO FIT5042.WORKER (USER_ID, ADDRESS, EMAIL, FIRSTNAME, ISACTIVE, LASTNAME, PASSWORD, PHONE, USER_TYPE) 
	VALUES (3, 'East caulfield', 'rguo198@gmail.com', 'Richard', 0, 'Guo', '123', '416730819', 'worker');


-- insert service type
INSERT INTO FIT5042.SERVICETYPE (TYPE_ID, TYPE_NAME) 
	VALUES (1, 'Insurance');
INSERT INTO FIT5042.SERVICETYPE (TYPE_ID, TYPE_NAME) 
	VALUES (2, 'Child care');
INSERT INTO FIT5042.SERVICETYPE (TYPE_ID, TYPE_NAME) 
	VALUES (3, 'Education');
INSERT INTO FIT5042.SERVICETYPE (TYPE_ID, TYPE_NAME) 
	VALUES (4, 'Welfare');
INSERT INTO FIT5042.SERVICETYPE (TYPE_ID, TYPE_NAME) 
	VALUES (5, 'Citizenship');


-- insert service 
INSERT INTO FIT5042.SERVICE (SERVICE_NO, DESCRIPTION, ISACTIVE, "NAME", THUMBNAIL, "TYPE") 
	VALUES (1, 'Not sure where to start your research? Stuck somewhere along the way? Ask a Librarian.
Our librarians provide research tips and strategies to point you in the right direction.', 1, 'ASK A LIBRARIAN', '1.jpeg', 'Education');
INSERT INTO FIT5042.SERVICE (SERVICE_NO, DESCRIPTION, ISACTIVE, "NAME", THUMBNAIL, "TYPE") 
	VALUES (2, 'Protect your most valuable assets with quality cover from a name you can trust. Our home and contents insurance offers peace of mind at an affordable price.', 1, 'Home and Contents Insurance', '2.jpeg', 'Insurance');
INSERT INTO FIT5042.SERVICE (SERVICE_NO, DESCRIPTION, ISACTIVE, "NAME", THUMBNAIL, "TYPE") 
	VALUES (3, 'Helps parents and guardians easily collect and send important information about their child/children to police in an event of a disappearance or abduction. No data from this app is collected or stored by the police unless it is sent to them.', 1, 'Australian Police Child ID', '3.jpeg', 'Child care');
INSERT INTO FIT5042.SERVICE (SERVICE_NO, DESCRIPTION, ISACTIVE, "NAME", THUMBNAIL, "TYPE") 
	VALUES (4, 'Search by type of care (long, occasional, after school etc), location (town, postcode etc) or name of centre to find approved child care services in your area.', 1, 'Find a child care service', '4.jpeg', 'Child care');
INSERT INTO FIT5042.SERVICE (SERVICE_NO, DESCRIPTION, ISACTIVE, "NAME", THUMBNAIL, "TYPE") 
	VALUES (5, 'The Citizenship Wizard will give you information about what to do and how to apply for Australian citizenship.', 1, 'Citizenship Wizard', '5.jpeg', 'Citizenship');
INSERT INTO FIT5042.SERVICE (SERVICE_NO, DESCRIPTION, ISACTIVE, "NAME", THUMBNAIL, "TYPE") 
	VALUES (248509, 'When lodging a free ABN application online you will be asked to provide details about your situation, activities, business structure (entity type) and identity. Your answers will help determine if you are entitled to an ABN.', 1, 'Apply for an ABN', '88b5bba7-316f-4a7c-b23c-0ef0e44bed66.jpg', 'Insurance');
INSERT INTO FIT5042.SERVICE (SERVICE_NO, DESCRIPTION, ISACTIVE, "NAME", THUMBNAIL, "TYPE") 
	VALUES (149309, 'ggg', 0, 'ggg', 'df630d45-fa0a-437d-9793-238f6c9ac498.jpg', 'gggg');
INSERT INTO FIT5042.SERVICE (SERVICE_NO, DESCRIPTION, ISACTIVE, "NAME", THUMBNAIL, "TYPE") 
	VALUES (249609, 'serviceManagedBean.service.type', 0, 'newservier', '4f9a203d-b8ec-4a85-bee2-7959dde48369.jpg', 'Child care');
INSERT INTO FIT5042.SERVICE (SERVICE_NO, DESCRIPTION, ISACTIVE, "NAME", THUMBNAIL, "TYPE") 
	VALUES (251109, 'isActiveisActive', 0, 'XXXXX', 'c89e3d0a-9296-4ce0-8c3e-6c6a6b17b81b.jpg', 'Education');
INSERT INTO FIT5042.SERVICE (SERVICE_NO, DESCRIPTION, ISACTIVE, "NAME", THUMBNAIL, "TYPE") 
	VALUES (251409, '888', 0, '8888', '3ab98d61-5d7a-46ba-a542-f50a2cb8ae9d.jpg', 'Insurance');
INSERT INTO FIT5042.SERVICE (SERVICE_NO, DESCRIPTION, ISACTIVE, "NAME", THUMBNAIL, "TYPE") 
	VALUES (251909, 'Wake up with the ABC app. The content you love, from the source you trust, repackaged in a much more intuitive and user friendly experience. Now including national emergency announcements', 1, 'ABC Mobile', '6b594d56-b865-48d5-bdd9-2ede1950d6c1.jpg', 'Education');
INSERT INTO FIT5042.SERVICE (SERVICE_NO, DESCRIPTION, ISACTIVE, "NAME", THUMBNAIL, "TYPE") 
	VALUES (252409, 'qqqqqqqqqqq', 0, 'qqqqqqq', '2de6c604-ef05-4de7-befb-97631f23f696.jpg', 'Insurance');
INSERT INTO FIT5042.SERVICE (SERVICE_NO, DESCRIPTION, ISACTIVE, "NAME", THUMBNAIL, "TYPE") 
	VALUES (252509, 'Advice on your refund, warranty and lay-by rights while shopping. Tells you what to look for if you want to buy food that comes from a particular country.
', 1, 'ACCC Shopper', 'ffa4d5c8-232d-4483-b921-b9b8fc4e7a03.jpg', 'Child care');
INSERT INTO FIT5042.SERVICE (SERVICE_NO, DESCRIPTION, ISACTIVE, "NAME", THUMBNAIL, "TYPE") 
	VALUES (252709, 'ppp', 1, 'pppp', '258e0135-a808-4bc1-b9b8-7b90c69940eb.jpg', 'Insurance');
INSERT INTO FIT5042.SERVICE (SERVICE_NO, DESCRIPTION, ISACTIVE, "NAME", THUMBNAIL, "TYPE") 
	VALUES (253109, 'bbb', 1, 'bbb', 'bc73aa29-ab65-474b-b816-6ef657dab007.jpg', 'Insurance');
INSERT INTO FIT5042.SERVICE (SERVICE_NO, DESCRIPTION, ISACTIVE, "NAME", THUMBNAIL, "TYPE") 
	VALUES (291909, 'd1', 1, '111', '43220ed2-0e3f-42ea-b61b-245984fdc057.jpg', 'Insurance');
INSERT INTO FIT5042.SERVICE (SERVICE_NO, DESCRIPTION, ISACTIVE, "NAME", THUMBNAIL, "TYPE") 
	VALUES (296309, 'Citizenship service description template. Service of citizenship, some rights you may not know, explore here.', 1, 'Citizenship', 'f0271ad3-3756-4250-9a22-74f74cd59f85.jpg', 'Citizenship');

-- insert service use
INSERT INTO FIT5042.SERVICEUSE (USEID, IS_FINISHED, USEDATE, MANAGED_BY, USEDSERVICE, USED_BY) 
	VALUES (2097, 1, '2016/10/17', 1, 3, 27157625);
INSERT INTO FIT5042.SERVICEUSE (USEID, IS_FINISHED, USEDATE, MANAGED_BY, USEDSERVICE, USED_BY) 
	VALUES (2102, 1, '2016/10/17', 1, 2, 27157625);
INSERT INTO FIT5042.SERVICEUSE (USEID, IS_FINISHED, USEDATE, MANAGED_BY, USEDSERVICE, USED_BY) 
	VALUES (2186, 1, '2016/10/17', 1, 1, 27157625);
INSERT INTO FIT5042.SERVICEUSE (USEID, IS_FINISHED, USEDATE, MANAGED_BY, USEDSERVICE, USED_BY) 
	VALUES (2187, 0, '2016/10/17', 1, 248509, 27157625);
INSERT INTO FIT5042.SERVICEUSE (USEID, IS_FINISHED, USEDATE, MANAGED_BY, USEDSERVICE, USED_BY) 
	VALUES (2193, 0, '2016/10/17', 1, 5, 27157625);
INSERT INTO FIT5042.SERVICEUSE (USEID, IS_FINISHED, USEDATE, MANAGED_BY, USEDSERVICE, USED_BY) 
	VALUES (2194, 0, '2016/10/17', 1, 252709, 27157625);
INSERT INTO FIT5042.SERVICEUSE (USEID, IS_FINISHED, USEDATE, MANAGED_BY, USEDSERVICE, USED_BY) 
	VALUES (2211, 1, '2016/10/17', 1, 1, 27157625);
INSERT INTO FIT5042.SERVICEUSE (USEID, IS_FINISHED, USEDATE, MANAGED_BY, USEDSERVICE, USED_BY) 
	VALUES (2263, 1, '2016/10/18', 1, 1, 27157625);
INSERT INTO FIT5042.SERVICEUSE (USEID, IS_FINISHED, USEDATE, MANAGED_BY, USEDSERVICE, USED_BY) 
	VALUES (2264, 1, '2016/10/18', 1, 4, 27157625);
INSERT INTO FIT5042.SERVICEUSE (USEID, IS_FINISHED, USEDATE, MANAGED_BY, USEDSERVICE, USED_BY) 
	VALUES (2268, 1, '2016/10/18', 1, 1, 27157626);
INSERT INTO FIT5042.SERVICEUSE (USEID, IS_FINISHED, USEDATE, MANAGED_BY, USEDSERVICE, USED_BY) 
	VALUES (2269, 1, '2016/10/18', 1, 4, 27157626);
INSERT INTO FIT5042.SERVICEUSE (USEID, IS_FINISHED, USEDATE, MANAGED_BY, USEDSERVICE, USED_BY) 
	VALUES (2273, 0, '2016/10/18', 1, 5, 27157626);
INSERT INTO FIT5042.SERVICEUSE (USEID, IS_FINISHED, USEDATE, MANAGED_BY, USEDSERVICE, USED_BY) 
	VALUES (2274, 1, '2016/10/18', 1, 3, 27157626);
INSERT INTO FIT5042.SERVICEUSE (USEID, IS_FINISHED, USEDATE, MANAGED_BY, USEDSERVICE, USED_BY) 
	VALUES (2275, 0, '2016/10/18', 1, 251909, 27157626);
INSERT INTO FIT5042.SERVICEUSE (USEID, IS_FINISHED, USEDATE, MANAGED_BY, USEDSERVICE, USED_BY) 
	VALUES (2277, 0, '2016/10/18', 1, 253109, 27157626);
INSERT INTO FIT5042.SERVICEUSE (USEID, IS_FINISHED, USEDATE, MANAGED_BY, USEDSERVICE, USED_BY) 
	VALUES (2604, 1, '2016/10/20', 1, 2, 27157626);
INSERT INTO FIT5042.SERVICEUSE (USEID, IS_FINISHED, USEDATE, MANAGED_BY, USEDSERVICE, USED_BY) 
	VALUES (2608, 1, '2016/10/20', 1, 4, 27157626);
INSERT INTO FIT5042.SERVICEUSE (USEID, IS_FINISHED, USEDATE, MANAGED_BY, USEDSERVICE, USED_BY) 
	VALUES (2610, 0, '2016/10/20', 1, 248509, 27157626);
INSERT INTO FIT5042.SERVICEUSE (USEID, IS_FINISHED, USEDATE, MANAGED_BY, USEDSERVICE, USED_BY) 
	VALUES (2617, 1, '2016/10/20', 5, 3, 27157626);
INSERT INTO FIT5042.SERVICEUSE (USEID, IS_FINISHED, USEDATE, MANAGED_BY, USEDSERVICE, USED_BY) 
	VALUES (2620, 0, '2016/10/20', 5, 3, 27157626);
INSERT INTO FIT5042.SERVICEUSE (USEID, IS_FINISHED, USEDATE, MANAGED_BY, USEDSERVICE, USED_BY) 
	VALUES (2622, 0, '2016/10/21', 3, 1, 27157627);
INSERT INTO FIT5042.SERVICEUSE (USEID, IS_FINISHED, USEDATE, MANAGED_BY, USEDSERVICE, USED_BY) 
	VALUES (2623, 0, '2016/10/21', 3, 4, 27157627);
INSERT INTO FIT5042.SERVICEUSE (USEID, IS_FINISHED, USEDATE, MANAGED_BY, USEDSERVICE, USED_BY) 
	VALUES (2624, 0, '2016/10/21', 2, 1, 27157626);
INSERT INTO FIT5042.SERVICEUSE (USEID, IS_FINISHED, USEDATE, MANAGED_BY, USEDSERVICE, USED_BY) 
	VALUES (2625, 0, '2016/10/21', 2, 2, 27157626);
INSERT INTO FIT5042.SERVICEUSE (USEID, IS_FINISHED, USEDATE, MANAGED_BY, USEDSERVICE, USED_BY) 
	VALUES (2626, 0, '2016/10/21', 5, 5, 27157627);
