SELECT * FROM FIT5042.SERVICE;
--- INSERT SERVICE
INSERT INTO FIT5042.SERVICE (SERVICE_NO, DESCRIPTION, "NAME", THUMBNAIL, "TYPE", ISACTIVE) 
	VALUES (1, 'Not sure where to start your research? Stuck somewhere along the way? Ask a Librarian.
Our librarians provide research tips and strategies to point you in the right direction.', 'ASK A LIBRARIAN', '1.jpeg', 'Education', true);
INSERT INTO FIT5042.SERVICE (SERVICE_NO, DESCRIPTION, "NAME", THUMBNAIL, "TYPE", ISACTIVE) 
	VALUES (2, 'Protect your most valuable assets with quality cover from a name you can trust. Our home and contents insurance offers peace of mind at an affordable price.', 'Home and Contents Insurance', '2.jpeg', 'Insurance', true);
INSERT INTO FIT5042.SERVICE (SERVICE_NO, DESCRIPTION, "NAME", THUMBNAIL, "TYPE", ISACTIVE) 
	VALUES (3, 'Helps parents and guardians easily collect and send important information about their child/children to police in an event of a disappearance or abduction. No data from this app is collected or stored by the police unless it is sent to them.', 'Australian Police Child ID', '3.jpeg', 'Child care', true);
INSERT INTO FIT5042.SERVICE (SERVICE_NO, DESCRIPTION, "NAME", THUMBNAIL, "TYPE", ISACTIVE) 
	VALUES (4, 'Search by type of care (long, occasional, after school etc), location (town, postcode etc) or name of centre to find approved child care services in your area.', 'Find a child care service', '4.jpeg', 'Child care', true);
INSERT INTO FIT5042.SERVICE (SERVICE_NO, DESCRIPTION, "NAME", THUMBNAIL, "TYPE", ISACTIVE) 
	VALUES (5, 'The Citizenship Wizard will give you information about what to do and how to apply for Australian citizenship.', 'Citizenship Wizard', '5.jpeg', 'Citizenship', true);
INSERT INTO FIT5042.SERVICE (SERVICE_NO, DESCRIPTION, "NAME", THUMBNAIL, "TYPE", ISACTIVE) 
	VALUES (110309, 'test', 'test', 'e057f898-1258-4a29-9a79-cc57c937a32a.jpg', 'tes', true);
INSERT INTO FIT5042.SERVICE (SERVICE_NO, DESCRIPTION, "NAME", THUMBNAIL, "TYPE", ISACTIVE) 
	VALUES (153109, 'sdafasdfsdafasdfsdafasdfsdafasdfsdafasdfsdafasdfsdafasdfsdafasdf', '403', '1916c8e3-3833-4ebc-8cbf-5b37c1ab5898.jpg', '403', true);
INSERT INTO FIT5042.SERVICE (SERVICE_NO, DESCRIPTION, "NAME", THUMBNAIL, "TYPE", ISACTIVE) 
	VALUES (248509, ' Not sure where to start your research? Stuck somewhere along the way? Ask a Librarian. Our librarians provide research tips and strategies to point you in the right direction. ', 'sss', '88b5bba7-316f-4a7c-b23c-0ef0e44bed66.jpg', 'Insurance', true);
INSERT INTO FIT5042.SERVICE (SERVICE_NO, DESCRIPTION, "NAME", THUMBNAIL, "TYPE", ISACTIVE) 
	VALUES (112309, 'aassasd', 'qqqdddddssssaaa', 'a426d051-d8fc-4c09-9cc2-2aa463de3dea.jpg', 'asdfadsf', false);
INSERT INTO FIT5042.SERVICE (SERVICE_NO, DESCRIPTION, "NAME", THUMBNAIL, "TYPE", ISACTIVE) 
	VALUES (149109, 'w3rw', '12121212', 'efba5996-62a5-4ba8-a511-45efbc645980.jpg', '12121212', false);
INSERT INTO FIT5042.SERVICE (SERVICE_NO, DESCRIPTION, "NAME", THUMBNAIL, "TYPE", ISACTIVE) 
	VALUES (149309, 'ggg', 'ggg', 'df630d45-fa0a-437d-9793-238f6c9ac498.jpg', 'gggg', false);
INSERT INTO FIT5042.SERVICE (SERVICE_NO, DESCRIPTION, "NAME", THUMBNAIL, "TYPE", ISACTIVE) 
	VALUES (249609, 'serviceManagedBean.service.type', 'newservier', '4f9a203d-b8ec-4a85-bee2-7959dde48369.jpg', 'Child care', false);

-------



--- INSERT WORKER
INSERT INTO FIT5042.WORKER (USER_ID, ADDRESS, EMAIL, FIRSTNAME, LASTNAME, PASSWORD, PHONE, USER_TYPE) 
	VALUES (5, 'East caulfield', 'ivanzhujunwei@gmail.com', 'Zhu', 'Ivan', '8c6976e5b5410415bde908bd4dee15dfb167a9c873fc4bb8a81f6f2ab448a918', '426731819', 'worker');
INSERT INTO FIT5042.WORKER (USER_ID, ADDRESS, EMAIL, FIRSTNAME, LASTNAME, PASSWORD, PHONE, USER_TYPE) 
	VALUES (1, 'East caulfield', 'zhiliu@gmail.com', 'Liu', 'Troy', '123', '422731899', 'worker');
INSERT INTO FIT5042.WORKER (USER_ID, ADDRESS, EMAIL, FIRSTNAME, LASTNAME, PASSWORD, PHONE, USER_TYPE) 
	VALUES (2, 'East caulfield', 'rli230@gmail.com', 'Liu', 'Roy', '123', '426731519', 'worker');
INSERT INTO FIT5042.WORKER (USER_ID, ADDRESS, EMAIL, FIRSTNAME, LASTNAME, PASSWORD, PHONE, USER_TYPE) 
	VALUES (3, 'East caulfield', 'rguo198@gmail.com', 'Guo', 'Richard', '123', '416730819', 'worker');


--- INSERT PUBLICUSER
INSERT INTO FIT5042.PUBLICUSER (USER_ID, ADDRESS, EMAIL, FIRSTNAME, LASTNAME, PASSWORD, PHONE, USER_TYPE, ISACTIVE) 
	VALUES (27157625, 'Clayton', 'ssssed@gmail.co', 'K', 'Peter', 'governmentservice', '123456033', 'public', 1);
INSERT INTO FIT5042.PUBLICUSER (USER_ID, ADDRESS, EMAIL, FIRSTNAME, LASTNAME, PASSWORD, PHONE, USER_TYPE, ISACTIVE) 
	VALUES (27157626, 'Clayton', 'sed@gmail.com', 'Pl', 'Kevin', '8c6976e5b5410415bde908bd4dee15dfb167a9c873fc4bb8a81f6f2ab448a918', '457783299', 'public', 1);
INSERT INTO FIT5042.PUBLICUSER (USER_ID, ADDRESS, EMAIL, FIRSTNAME, LASTNAME, PASSWORD, PHONE, USER_TYPE, ISACTIVE) 
	VALUES (27157627, 'Clayton', 'andyJd@163.com', 'J', 'Andy', '000', '426745819', 'public', 1);
INSERT INTO FIT5042.PUBLICUSER (USER_ID, ADDRESS, EMAIL, FIRSTNAME, LASTNAME, PASSWORD, PHONE, USER_TYPE, ISACTIVE) 
	VALUES (27157629, '323', '23', '23', '3', NULL, 23, NULL, 1);
INSERT INTO FIT5042.PUBLICUSER (USER_ID, ADDRESS, EMAIL, FIRSTNAME, LASTNAME, PASSWORD, PHONE, USER_TYPE, ISACTIVE) 
	VALUES (27157630, '1212', '1212', '1212', '1212', 'governmentservice', '1212', NULL, 1);
INSERT INTO FIT5042.PUBLICUSER (USER_ID, ADDRESS, EMAIL, FIRSTNAME, LASTNAME, PASSWORD, PHONE, USER_TYPE, ISACTIVE) 
	VALUES (27157632, 'sdf', 'sdf@ds.com', 'testFirst', ' testLast', 'governmentservice', '91234567', NULL, 1);
INSERT INTO FIT5042.PUBLICUSER (USER_ID, ADDRESS, EMAIL, FIRSTNAME, LASTNAME, PASSWORD, PHONE, USER_TYPE, ISACTIVE) 
	VALUES (27157633, '4352435', 'sd@df.com', 'ss', 'newUse', '[B@63ce84c4', '123456789', 'public', 1);
INSERT INTO FIT5042.PUBLICUSER (USER_ID, ADDRESS, EMAIL, FIRSTNAME, LASTNAME, PASSWORD, PHONE, USER_TYPE, ISACTIVE) 
	VALUES (27157634, 'asdf', 'hhh@d.com', 'hhh', 'hhh', '-29-80-6066-104-42820-102-5-12-56-103111-713639-8265-28100-101-10976-92-107-1032712082-7285', '123456789', 'public', 1);
INSERT INTO FIT5042.PUBLICUSER (USER_ID, ADDRESS, EMAIL, FIRSTNAME, LASTNAME, PASSWORD, PHONE, USER_TYPE, ISACTIVE) 
	VALUES (27157635, 'dsadf', 'aa@ss.com', 'aaa', 'aaaa', '43582b147f5e36c44f7b8380f56e01a0b64363750bfd244af0ed1e3e7b859d69', '91234567', 'public', 1);
INSERT INTO FIT5042.PUBLICUSER (USER_ID, ADDRESS, EMAIL, FIRSTNAME, LASTNAME, PASSWORD, PHONE, USER_TYPE, ISACTIVE) 
	VALUES (27157637, '', 'oo@ddc.om', 'oo', 'oo', '43582b147f5e36c44f7b8380f56e01a0b64363750bfd244af0ed1e3e7b859d69', '91234567', 'public', 1);


---- Get assigned worker
SELECT COUNT(wo.USER_ID),wo.USER_ID,wo.LASTNAME from worker wo
left join ServiceUse w   on wo.USER_ID = w.MANAGED_BY 
GROUP BY wo.USER_ID,wo.LASTNAME ORDER BY COUNT(wo.USER_ID) asc;


---- INSERT SERVICE USE RECORDS
INSERT INTO FIT5042.SERVICEUSE (USEID, IS_FINISHED, USEDATE, MANAGED_BY, USEDSERVICE, USED_BY) 
	VALUES (2097, 0, '2016/10/17', 1, 3, 27157625);
INSERT INTO FIT5042.SERVICEUSE (USEID, IS_FINISHED, USEDATE, MANAGED_BY, USEDSERVICE, USED_BY) 
	VALUES (2102, 1, '2016/10/17', 1, 2, 27157625);
INSERT INTO FIT5042.SERVICEUSE (USEID, IS_FINISHED, USEDATE, MANAGED_BY, USEDSERVICE, USED_BY) 
	VALUES (2186, 1, '2016/10/17', 1, 1, 27157625);
INSERT INTO FIT5042.SERVICEUSE (USEID, IS_FINISHED, USEDATE, MANAGED_BY, USEDSERVICE, USED_BY) 
	VALUES (2187, 0, '2016/10/17', 1, 248509, 27157625);
INSERT INTO FIT5042.SERVICEUSE (USEID, IS_FINISHED, USEDATE, MANAGED_BY, USEDSERVICE, USED_BY) 
	VALUES (2193, 0, '2016/10/17', 1, 5, 27157625);
INSERT INTO FIT5042.SERVICEUSE (USEID, IS_FINISHED, USEDATE, MANAGED_BY, USEDSERVICE, USED_BY) 
	VALUES (2194, 0, '2016/10/17', 1, 252709, 27157625);
INSERT INTO FIT5042.SERVICEUSE (USEID, IS_FINISHED, USEDATE, MANAGED_BY, USEDSERVICE, USED_BY) 
	VALUES (2211, 1, '2016/10/17', 1, 1, 27157625);
INSERT INTO FIT5042.SERVICEUSE (USEID, IS_FINISHED, USEDATE, MANAGED_BY, USEDSERVICE, USED_BY) 
	VALUES (2253, 1, '2016/10/18', 1, 1, 27157637);
INSERT INTO FIT5042.SERVICEUSE (USEID, IS_FINISHED, USEDATE, MANAGED_BY, USEDSERVICE, USED_BY) 
	VALUES (2263, 0, '2016/10/18', 1, 1, 27157625);
INSERT INTO FIT5042.SERVICEUSE (USEID, IS_FINISHED, USEDATE, MANAGED_BY, USEDSERVICE, USED_BY) 
	VALUES (2264, 1, '2016/10/18', 1, 4, 27157625);
INSERT INTO FIT5042.SERVICEUSE (USEID, IS_FINISHED, USEDATE, MANAGED_BY, USEDSERVICE, USED_BY) 
	VALUES (2268, 0, '2016/10/18', 1, 1, 27157626);
INSERT INTO FIT5042.SERVICEUSE (USEID, IS_FINISHED, USEDATE, MANAGED_BY, USEDSERVICE, USED_BY) 
	VALUES (2269, 1, '2016/10/18', 1, 4, 27157626);
INSERT INTO FIT5042.SERVICEUSE (USEID, IS_FINISHED, USEDATE, MANAGED_BY, USEDSERVICE, USED_BY) 
	VALUES (2273, 0, '2016/10/18', 1, 5, 27157626);
INSERT INTO FIT5042.SERVICEUSE (USEID, IS_FINISHED, USEDATE, MANAGED_BY, USEDSERVICE, USED_BY) 
	VALUES (2274, 0, '2016/10/18', 1, 3, 27157626);
INSERT INTO FIT5042.SERVICEUSE (USEID, IS_FINISHED, USEDATE, MANAGED_BY, USEDSERVICE, USED_BY) 
	VALUES (2275, 0, '2016/10/18', 1, 251909, 27157626);
INSERT INTO FIT5042.SERVICEUSE (USEID, IS_FINISHED, USEDATE, MANAGED_BY, USEDSERVICE, USED_BY) 
	VALUES (2277, 0, '2016/10/18', 1, 253109, 27157626);


-- CREATE SYSTEM USER VIEW
CREATE VIEW SYSTEMUSERS AS
SELECT * 
FROM publicuser 
union all 
select * from worker;